DateTime,Open,High,Low,Close,ta_rsi,ta_stoch_k,ta_stoch_d
2020-08-20 01:00:00,49920,50070,49801,50069,,,
2020-08-20 02:00:00,50021,50070,49723,49724,,,
2020-08-20 03:00:00,49724,50070,49724,49940,,,
2020-08-20 04:00:00,49898,49898,49700,49702,,,
2020-08-20 05:00:00,49701,49701,49696,49696,,,
2020-08-20 06:00:00,49696,50200,49663,49700,,,
2020-08-20 07:00:00,49993,49993,49904,49904,,,
2020-08-20 08:00:00,49904,50246,49904,50001,,,
2020-08-20 09:00:00,50071,50171,49752,49881,,,
2020-08-20 10:00:00,49880,49881,49751,49843,,,
2020-08-20 11:00:00,49842,49851,49751,49841,,,
2020-08-20 12:00:00,49841,49851,49667,49698,,,
2020-08-20 13:00:00,49698,49705,49650,49654,,,
2020-08-20 14:00:00,49654,49851,49653,49850,47.1496662924621,33.557046979865774,
2020-08-20 15:00:00,49851,49984,49850,49851,47.20581638249115,33.7248322147651,
2020-08-20 16:00:00,49851,49851,49750,49850,47.151867022104575,33.557046979865774,33.612975391498885
2020-08-20 17:00:00,49850,49984,49850,49919,51.28857967217225,45.13422818791946,37.47203579418344
2020-08-20 18:00:00,49919,49951,49721,49920,51.34801735102077,45.30201342281879,41.331096196867996
2020-08-20 19:00:00,49920,49950,49901,49949,53.13397774597154,50.16778523489933,46.86800894854584
2020-08-20 20:00:00,49949,50007,49905,49905,50.127312590121626,42.785234899328856,46.085011185682305
2020-08-20 21:00:00,49956,50100,49768,50100,60.73238960378179,75.50335570469798,56.152125279642036
2020-08-20 22:00:00,50099,50151,50008,50151,62.95132175273236,96.16122840690979,71.48327300364552
2020-08-20 23:00:00,50151,50151,50149,50151,62.951321752732355,100.0,90.5548613705359
2020-08-21 00:00:00,50151,50197,50150,50150,62.87053207503653,91.40767824497257,95.8563022172941
2020-08-21 01:00:00,50006,50280,49930,50099,58.73080388119199,71.26984126984127,87.55917317160458
2020-08-21 02:00:00,50099,50280,50098,50280,67.02848401659818,100.0,87.55917317160458
2020-08-21 03:00:00,50280,50295,50255,50255,65.0820572434866,93.76947040498442,88.34643722494188
2020-08-21 04:00:00,50152,50279,50040,50205,61.25110050427378,84.3205574912892,92.69667596542452
2020-08-21 05:00:00,50080,50237,50080,50237,62.76187096624685,89.89547038327527,89.32849942651627
2020-08-21 06:00:00,50229,50229,50186,50200,59.855955926948276,83.44947735191637,85.88850174216026
2020-08-21 07:00:00,50200,50295,50200,50294,64.36951912317815,99.82578397212544,91.05691056910565
2020-08-21 08:00:00,50295,50499,50098,50407,68.8968119541672,87.41450068399453,90.2299206693454
2020-08-21 09:00:00,50319,50446,50103,50110,50.67247586097962,46.785225718194255,78.0085034581047
2020-08-21 10:00:00,50110,50374,50110,50159,52.88669438891391,53.48837209302326,62.562699498403965
2020-08-21 11:00:00,50158,50399,50158,50399,61.90624319020342,82.42530755711775,60.89963512277837
2020-08-21 12:00:00,50400,50630,50301,50393,61.588798796225056,66.14285714285714,67.35217893099933
2020-08-21 13:00:00,50393,50393,50211,50233,53.68335464431098,43.285714285714285,63.95129299522967
2020-08-21 14:00:00,50232,50233,50019,50143,49.81032247185463,30.428571428571427,46.619047619047564
2020-08-21 15:00:00,50108,50180,50001,50022,45.099362589987194,3.338632750397456,25.68430615489434
2020-08-21 16:00:00,50021,50224,49990,50150,50.43930666313721,25.0,19.589068059656245
2020-08-21 17:00:00,50118,50118,50023,50050,46.62388537995715,9.375,12.571210916799103
2020-08-21 18:00:00,50051,50051,49813,49814,39.105741958313786,0.12239902080783353,11.499133006935894
2020-08-21 19:00:00,49904,50000,49833,49833,39.94534709429324,2.4479804161566707,3.981793145654784
2020-08-21 20:00:00,49834,50010,49652,50010,47.24299970974371,36.605316973415135,13.058565470126496
2020-08-21 21:00:00,50010,50094,49802,49806,41.05136022353621,15.74642126789366,18.26657288582177
2020-08-21 22:00:00,49857,50008,49806,49996,47.90013536280319,35.173824130879346,29.175187457395996
2020-08-21 23:00:00,49996,49999,49935,49968,47.03291370111531,32.31083844580777,27.743694614860203
2020-08-22 00:00:00,49968,49998,49929,49929,45.789402749445664,28.323108384458077,31.935923653715008
2020-08-22 01:00:00,49930,49997,49850,49852,43.3523168129413,20.449897750511248,27.027948193592305
2020-08-22 02:00:00,49852,49853,49800,49801,41.76669324757189,20.10796221322537,22.9603227827315
2020-08-22 03:00:00,49801,49801,49800,49800,41.73446051751519,25.47332185886403,22.010393940866816
2020-08-22 04:00:00,49801,49849,49801,49848,43.969659449457815,34.26573426573427,26.61567277927449
2020-08-22 05:00:00,49849,49849,49517,49518,34.24352516337943,0.14144271570014144,19.96016628009941
2020-08-22 06:00:00,49517,49517,49353,49507,33.97375486210521,20.130718954248366,18.17929864522753
2020-08-22 07:00:00,49506,49506,49200,49290,29.10291459623018,10.06711409395973,10.113091921302683
2020-08-22 08:00:00,49289,49355,49081,49081,25.335366799376388,0.0,10.065944349402637
2020-08-22 09:00:00,49081,49143,49000,49020,24.34477159227039,1.8281535648994516,3.9650892196196637
2020-08-22 10:00:00,49020,49086,49018,49084,27.54564390328558,7.678244972577697,3.168799512492319
2020-08-22 11:00:00,49083,49084,49039,49041,26.727442953848026,4.067460317460317,4.524619618312425
2020-08-22 12:00:00,49040,49040,48990,48991,25.768947700539982,0.09910802775024777,3.9482711059293565
2020-08-22 13:00:00,48990,48998,48900,48998,26.168146334494025,8.925318761384336,4.363962368864903
2020-08-22 14:00:00,48998,49345,48997,49230,38.05769617199283,30.0820419325433,13.035489573892564
2020-08-22 15:00:00,49230,49498,49222,49491,48.16980408715024,62.01469045120672,33.674017048378055
2020-08-22 16:00:00,49490,49640,49402,49562,50.535456177736556,69.75763962065332,53.95145733480104
2020-08-22 17:00:00,49551,49650,49176,49519,49.07456040499864,65.22655426765016,65.66629477983666
2020-08-22 18:00:00,49471,49517,49406,49500,48.40864993759148,63.224446786090624,66.06954689146464
2020-08-22 19:00:00,49519,49519,49470,49471,47.35248611013743,76.13333333333334,68.19477812902464
2020-08-22 20:00:00,49471,49519,49176,49461,46.97191721388162,74.8,71.38592670647459
2020-08-22 21:00:00,49460,49519,49220,49519,49.50667881550139,82.53333333333333,77.82222222222217
2020-08-22 22:00:00,49519,49520,49426,49499,48.64322279850908,79.86666666666666,79.0666666666666
2020-08-22 23:00:00,49500,49520,49451,49498,48.59758278295432,79.73333333333333,80.71111111111105
2020-08-23 00:00:00,49499,49520,49401,49520,49.7153874417077,82.66666666666667,80.7555555555555
2020-08-23 01:00:00,49520,49586,49519,49586,53.01631069462219,91.46666666666667,84.62222222222216
2020-08-23 02:00:00,49586,49586,49501,49502,48.63994663814242,80.26666666666667,84.79999999999994
2020-08-23 03:00:00,49502,49502,49500,49501,48.58852533772893,77.1822358346095,82.97185638931421
2020-08-23 04:00:00,49487,49487,49324,49325,40.477729639024886,31.434599156118143,62.961167219131376
2020-08-23 05:00:00,49325,49587,49325,49587,53.04372027482362,86.70886075949367,65.10856525007371
2020-08-23 06:00:00,49587,49620,49450,49546,51.22135449738641,78.05907172995781,65.40084388185647
2020-08-23 07:00:00,49546,49670,49545,49670,56.130305495167974,100.0,88.25597749648375
2020-08-23 08:00:00,49669,49670,49500,49549,50.76190127605783,75.50607287449392,84.52171486815051
2020-08-23 09:00:00,49549,49629,49549,49629,53.901159936033785,91.70040485829959,89.0688259109311
2020-08-23 10:00:00,49629,49630,49503,49603,52.72461826266332,85.11111111111111,84.10586294796815
2020-08-23 11:00:00,49603,49603,49506,49507,48.51388415051368,52.89017341040462,76.56722979327171
2020-08-23 12:00:00,49507,49600,49506,49599,52.43436178456593,79.47976878612717,72.4936844358809
2020-08-23 13:00:00,49599,49599,49501,49501,48.222077271201066,51.15606936416185,61.17533718689781
2020-08-23 14:00:00,49501,49599,49500,49599,52.34490976888501,79.47976878612717,70.03853564547198
2020-08-23 15:00:00,49593,49593,49570,49593,52.0715331984241,77.74566473988439,69.46050096339106
2020-08-23 16:00:00,49592,49593,49502,49503,48.020296525714194,51.73410404624278,69.65317919075136
2020-08-23 17:00:00,49503,49503,49502,49503,48.020296525714194,51.73410404624278,60.40462427745655
2020-08-23 18:00:00,49502,49503,49326,49326,40.783139033893235,0.2898550724637681,34.586021054983014
2020-08-23 19:00:00,49327,49327,49149,49154,35.22715907399903,0.9596928982725528,17.661217338992937
2020-08-23 20:00:00,49155,49500,49155,49491,49.6891429672345,65.64299424184262,22.29751407085955
2020-08-23 21:00:00,49491,49491,49099,49388,46.28748590610216,50.61295971978984,39.07188228663491
2020-08-23 22:00:00,49465,49465,49104,49463,49.02403473689386,68.54990583804143,61.601953266557864
2020-08-23 23:00:00,49460,49469,49121,49400,46.86414115818046,56.685499058380415,58.61612153873713
2020-08-24 00:00:00,49397,49449,49397,49449,48.75523475391452,69.44444444444444,64.89328311362199
2020-08-24 01:00:00,49449,49469,49449,49469,49.5445527033774,73.85229540918164,66.66074630400207
2020-08-24 02:00:00,49469,49498,49469,49498,50.72961481739334,79.8,74.3655799512086
2020-08-24 03:00:00,49497,49498,49497,49498,50.72961481739334,79.8,77.81743180306046
2020-08-24 04:00:00,49498,49594,49498,49594,54.80497748224826,100.0,86.53333333333325
2020-08-24 05:00:00,49594,49594,49593,49594,54.80497748224826,100.0,93.26666666666658
2020-08-24 06:00:00,49593,49594,49593,49594,54.80497748224826,100.0,99.9999999999999
2020-08-24 07:00:00,49593,49599,49473,49592,54.687276682264496,98.6,99.53333333333323
2020-08-24 08:00:00,49589,49589,49531,49532,51.1389992116862,86.6,95.06666666666656
2020-08-24 09:00:00,49531,49532,49301,49402,44.41486452557676,60.6,81.93333333333324
2020-08-24 10:00:00,49459,49590,49400,49511,50.31397175061496,82.4,76.53333333333323
2020-08-24 11:00:00,49511,49600,49404,49600,54.55491743746012,100.0,80.9999999999999
2020-08-24 12:00:00,49599,49660,49599,49635,56.140380080335675,95.36178107606679,92.58726035868881
2020-08-24 13:00:00,49637,49659,49552,49552,51.54763255109819,69.91643454038997,88.42607187215212
2020-08-24 14:00:00,49553,49640,49552,49640,55.686857562534016,94.42896935933148,86.56906165859594
2020-08-24 15:00:00,49649,49750,49649,49749,60.21998084790851,99.77728285077951,88.04089558350017
2020-08-24 16:00:00,49749,49800,49748,49755,60.45976126136209,90.98196392785572,95.06273871265542
2020-08-24 17:00:00,49799,49800,49690,49799,62.256468664281066,99.79959919839679,96.85294865901052
2020-08-24 18:00:00,49799,49846,49719,49846,64.13138766415884,100.0,96.9271877087507
2020-08-24 19:00:00,49846,49999,49695,49863,64.8122621707463,80.51575931232092,93.43845283690577
2020-08-24 20:00:00,49847,49997,49729,49855,64.19470459741231,79.36962750716333,86.62846227316129
2020-08-24 21:00:00,49854,49950,49852,49854,64.11246945034858,79.22636103151862,79.70391595033418
2020-08-24 22:00:00,49853,49949,49716,49716,53.85881193056894,59.45558739255014,72.6838586437439
2020-08-24 23:00:00,49780,49850,49500,49700,52.804348385764264,50.08347245409015,62.921806959386174
2020-08-25 00:00:00,49701,49830,49601,49701,52.86645953495285,49.91596638655462,53.15167541106484
2020-08-25 01:00:00,49701,49701,49700,49700,52.791639585264576,40.08016032064128,46.69319972042856
2020-08-25 02:00:00,49701,49701,49700,49700,52.791639585264576,40.08016032064128,43.358762342612266
2020-08-25 03:00:00,49701,49719,49701,49719,54.21935631163268,43.8877755511022,41.34936539746146
2020-08-25 04:00:00,49718,49719,49718,49718,54.126574093226075,43.687374749499,42.55177020708069
2020-08-25 05:00:00,49718,49800,49557,49744,56.224082376844656,48.897795591182366,45.490981963927716
2020-08-25 06:00:00,49744,49799,49742,49742,56.011921981635005,48.496993987975955,47.027388109552305
2020-08-25 07:00:00,49743,49799,49500,49513,38.22559243644334,2.6052104208416833,33.333333333333194
2020-08-25 08:00:00,49513,49786,49513,49727,53.18603026986259,45.49098196392786,32.19772879091503
2020-08-25 09:00:00,49682,49800,49681,49800,57.01066700223263,60.36217303822938,36.15278847433284
2020-08-25 10:00:00,49800,49800,49450,49450,40.0964879466654,0.0,35.28438500071894
2020-08-25 11:00:00,49450,49516,49353,49402,38.413293748817594,8.221476510067115,22.861216516098693
2020-08-25 12:00:00,49402,49402,49315,49368,37.22138559685065,9.906542056074766,6.0426728553804905
2020-08-25 13:00:00,49368,49500,49352,49352,36.64514554260593,7.184466019417476,8.437494861852983
2020-08-25 14:00:00,49352,49352,49178,49179,31.04812294994619,0.1607717041800643,5.750593259890633
2020-08-25 15:00:00,49179,49200,49075,49160,30.497197640206025,11.724137931034482,6.356458551543873
2020-08-25 16:00:00,49160,49160,49011,49156,30.374999463019094,18.377693282636248,10.087534305950129
2020-08-25 17:00:00,49155,49293,49000,49018,26.439011310905215,2.25,10.783943737890107
2020-08-25 18:00:00,49019,49488,49019,49487,50.1030897797055,60.875,27.167564427545283
2020-08-25 19:00:00,49354,49489,49125,49399,47.04500136594184,49.875,37.666666666666536
2020-08-25 20:00:00,49398,49399,48800,48950,35.229740294863845,15.0,41.916666666666536
2020-08-25 21:00:00,48939,48950,48600,48883,33.86305319629021,23.583333333333332,29.486111111110983
2020-08-25 22:00:00,48882,48882,48499,48595,28.707679911239723,7.378939277478862,15.32075753693727
2020-08-25 23:00:00,48595,48595,48303,48445,26.449134037434533,9.48563794255177,13.482636851121192
2020-08-26 00:00:00,48445,48681,48444,48648,34.01510723187978,28.441879637262986,15.102152285764413
2020-08-26 01:00:00,48519,48855,48100,48100,26.184568619986834,0.0,12.642505859938126
2020-08-26 02:00:00,48100,48100,48000,48100,26.184568619986834,6.666666666666667,11.702848767976425
2020-08-26 03:00:00,48100,48199,48100,48199,29.581080596167027,13.364674278038953,6.677113648235081
2020-08-26 04:00:00,48120,48485,48000,48415,36.45166107597039,27.871054398925452,15.967465114543565
2020-08-26 05:00:00,48441,48478,48042,48149,32.27539458076869,10.006715916722632,17.08081486456222
2020-08-26 06:00:00,48477,48490,48290,48484,41.38369184121021,32.50503693754197,23.46093575106323
2020-08-26 07:00:00,48469,48498,48291,48470,41.134710347503905,31.564808596373403,24.692187150212543
2020-08-26 08:00:00,48451,48472,48290,48291,37.98775123306479,19.543317662860982,27.871054398925327
2020-08-26 09:00:00,48348,48348,48100,48290,37.97027458876264,20.729092208720516,23.945739489318175
2020-08-26 10:00:00,48291,48350,48291,48348,39.70297323679832,36.63157894736842,25.634662939649843
2020-08-26 11:00:00,48348,48500,48340,48499,44.082288436702115,56.57596371882086,37.97887829163646
2020-08-26 12:00:00,48499,48525,48350,48517,44.598834963430456,60.46783625730994,51.22512630783294
2020-08-26 13:00:00,48460,48460,48400,48451,43.029267027218175,52.748538011695906,56.5974459959421
2020-08-26 14:00:00,48459,48459,48195,48383,41.41217654298848,44.7953216374269,52.67056530214412
2020-08-26 15:00:00,48211,48459,48211,48457,43.88371174822514,87.04761904761905,61.53049289891381
2020-08-26 16:00:00,48345,48490,48345,48490,44.99801828375059,93.33333333333333,75.05875800612628
2020-08-26 17:00:00,48490,48490,48395,48463,44.22425035003287,88.19047619047619,89.52380952380936
2020-08-26 18:00:00,48463,48838,48011,48399,42.36464082525099,46.916565900846436,76.1467918082185
2020-08-26 19:00:00,48399,48777,48000,48531,47.28787451785946,63.36515513126491,66.15739907419571
2020-08-26 20:00:00,48531,48694,48000,48091,36.19051533173068,10.859188544152744,40.38030319208789
2020-08-26 21:00:00,48091,48484,48001,48119,37.200502957325206,14.200477326968974,29.474940334128732
2020-08-26 22:00:00,48360,48510,48112,48484,48.61779413058661,57.756563245823386,27.605409705648224
2020-08-26 23:00:00,48500,48590,48499,48590,51.38218850808038,70.40572792362768,47.454256165473204
2020-08-27 00:00:00,48590,48700,48499,48699,54.11591254265051,83.4128878281623,70.52505966587098
2020-08-27 01:00:00,48699,48699,48698,48699,54.11591254265051,83.4128878281623,79.07716785998396
2020-08-27 02:00:00,48698,48699,48698,48698,54.08355560812566,83.29355608591885,83.37311058074768
2020-08-27 03:00:00,48699,48699,48699,48699,54.11310276921402,83.4128878281623,83.37311058074768
2020-08-27 04:00:00,48699,48699,48699,48699,54.11310276921402,83.4128878281623,83.37311058074768
2020-08-27 05:00:00,48699,48699,48499,48560,49.02719242290325,66.82577565632458,77.8838504375496
2020-08-27 06:00:00,48643,48699,48501,48693,53.52789328454038,82.69689737470168,77.64518695306272
2020-08-27 07:00:00,48684,48699,48554,48592,49.922966927161205,70.64439140811456,73.38902147971346
2020-08-27 08:00:00,48592,48800,48535,48763,55.39960870578036,95.375,82.90542959427194
2020-08-27 09:00:00,48762,48844,48554,48836,57.53472305264691,99.0521327014218,88.35717470317864
2020-08-27 10:00:00,48635,48809,48491,48699,52.45913905942896,82.79952550415184,92.40888606852441
2020-08-27 11:00:00,48699,48798,48491,48492,45.87410456853954,51.91256830601093,77.92140883719473
2020-08-27 12:00:00,48492,48788,48300,48367,42.411927640466025,12.316176470588236,49.009423426916875
2020-08-27 13:00:00,48367,48779,48152,48152,37.21010349783594,0.0,21.409581592199597
2020-08-27 14:00:00,48240,48480,48152,48480,47.740666442614724,47.39884393063584,19.905006800407897
2020-08-27 15:00:00,48479,48480,48186,48411,45.99317467162623,37.42774566473989,28.27552986512511
2020-08-27 16:00:00,48419,48420,48200,48419,46.23888336486186,38.58381502890173,41.13680154142569
2020-08-27 17:00:00,48419,48420,48211,48420,46.27178889942019,38.72832369942196,38.24662813102106
2020-08-27 18:00:00,48420,48420,48263,48388,45.31594629349153,34.104046242774565,37.13872832369929
2020-08-27 19:00:00,48388,48388,48230,48231,40.85664188019714,11.416184971098266,28.082851637764794
2020-08-27 20:00:00,48230,48299,48100,48289,43.084856042017826,25.403225806451612,23.64115234010801
2020-08-27 21:00:00,48288,48560,48280,48471,49.51264549548224,49.865591397849464,28.895000725132984
2020-08-27 22:00:00,48470,48470,48000,48144,40.633367249459475,17.061611374407583,30.776809526236093
2020-08-27 23:00:00,48100,48290,48000,48181,41.902930707571706,22.373300370828183,29.766834381028286
2020-08-28 00:00:00,48180,48242,48002,48008,37.82940408107957,1.0025062656641603,13.479139336966519
2020-08-28 01:00:00,48008,48008,47888,47888,35.26828193873736,0.0,7.791935545497324
2020-08-28 02:00:00,47851,47949,47800,47935,37.065460160815164,13.789581205311542,4.930695823658444
2020-08-28 03:00:00,47935,47935,47800,47887,35.96719146995254,11.447368421052632,8.412316542121268
2020-08-28 04:00:00,47857,47857,47800,47801,34.02209071540025,0.13157894736842105,8.456176191244074
2020-08-28 05:00:00,47800,47856,47699,47758,33.059403344916305,6.852497096399535,6.143814821606739
2020-08-28 06:00:00,47801,47899,47801,47898,39.10134137280448,23.112659698025553,10.03224524726438
2020-08-28 07:00:00,47899,47900,47801,47900,39.185787243884995,23.34494773519164,17.770034843205455
2020-08-28 08:00:00,47900,48334,47800,47979,42.573192414866526,32.520325203252035,26.32597754548962
2020-08-28 09:00:00,47979,48395,47816,48294,53.65752250583476,69.10569105691057,41.65698799845129
2020-08-28 10:00:00,48292,48400,48017,48399,56.660435492948615,81.30081300813008,60.975609756097434
2020-08-28 11:00:00,48399,48400,48310,48356,55.08619839617368,85.21400778210116,78.54017061571379
2020-08-28 12:00:00,48356,48390,48306,48354,55.00964309228499,93.43794579172611,86.65092219398564
2020-08-28 13:00:00,48353,48380,48290,48352,54.92743652812901,93.15263908701854,90.60153088694845
2020-08-28 14:00:00,48353,48380,48336,48354,54.999857815276556,93.43794579172611,93.34284355682344
2020-08-28 15:00:00,48354,48354,48150,48164,47.23511238263851,66.33380884450784,84.30813124108403
2020-08-28 16:00:00,48162,48354,48160,48353,54.166796384192864,93.29529243937233,84.35568235853528
2020-08-28 17:00:00,48354,48354,48353,48354,54.20107883533244,93.43794579172611,84.35568235853528
2020-08-28 18:00:00,48353,48354,48345,48354,54.201078835332446,93.43794579172611,93.39039467427472
2020-08-28 19:00:00,48353,48449,48353,48449,57.688044868629696,100.0,95.62529719448393
2020-08-28 20:00:00,48448,48449,48400,48427,56.613083061060934,96.61016949152543,96.68270509441703
2020-08-28 21:00:00,48439,48521,48370,48521,60.03941117109982,100.0,98.87005649717499
2020-08-28 22:00:00,48532,48649,48376,48579,62.03180389140238,91.59663865546219,96.06893604899572
2020-08-28 23:00:00,48579,48650,48527,48649,64.34252925612125,99.84202211690364,97.14622025745513
2020-08-29 00:00:00,48650,48700,48650,48700,65.96761961493812,100.0,97.14622025745513
2020-08-29 01:00:00,48699,48700,48376,48450,53.17429936754793,54.54545454545455,84.79582555411925
2020-08-29 02:00:00,48451,48451,48450,48451,53.21338514517278,54.72727272727273,69.75757575757562
2020-08-29 03:00:00,48450,48498,48450,48498,55.10994750528409,63.27272727272727,57.515151515151366
2020-08-29 04:00:00,48497,48497,48497,48497,55.058807692814,63.09090909090909,60.363636363636225
2020-08-29 05:00:00,48497,48497,48451,48451,52.639008384375295,53.888888888888886,60.084175084174944
2020-08-29 06:00:00,48452,48452,48452,48452,52.68768871980429,30.140845070422536,49.04021435007336
2020-08-29 07:00:00,48452,48699,48452,48698,62.81364735944061,99.43661971830986,61.15545122587361
2020-08-29 08:00:00,48599,48600,48461,48461,51.40003063242,31.123919308357348,53.56712803236311
2020-08-29 09:00:00,48577,48599,48451,48597,56.30642139777258,68.78787878787878,66.44947260484852
2020-08-29 10:00:00,48597,48698,48451,48500,52.25444516945348,39.39393939393939,46.43524583005837
2020-08-29 11:00:00,48500,48549,48484,48484,51.59489381384775,33.333333333333336,47.171717171717034
2020-08-29 12:00:00,48486,48580,48486,48578,55.174559714997024,62.34567901234568,45.02431724653933
2020-08-29 13:00:00,48578,48578,48510,48511,52.21079801586824,41.666666666666664,45.78189300411509
2020-08-29 14:00:00,48511,48698,48260,48695,58.76211342166551,98.86363636363636,67.62532734754943
2020-08-29 15:00:00,48694,48698,48434,48697,58.828182101566085,99.54441913439635,80.02490738823299
2020-08-29 16:00:00,48698,48700,48608,48700,58.934462380336285,100.0,99.46935183267743
2020-08-29 17:00:00,48699,48700,48652,48676,57.65229734390002,94.54545454545455,98.0299578932835
2020-08-29 18:00:00,48699,48700,48510,48510,49.61246585118363,56.81818181818182,83.78787878787865
2020-08-29 19:00:00,48511,48511,48379,48476,48.13192937464286,49.09090909090909,66.81818181818169
2020-08-29 20:00:00,48449,48700,48300,48554,51.69344408679064,66.81818181818181,57.57575757575743
2020-08-29 21:00:00,48550,48682,48411,48577,52.72428273448763,72.04545454545455,62.651515151515014
2020-08-29 22:00:00,48490,48491,48326,48481,48.109574830165826,50.22727272727273,63.03030303030289
2020-08-29 23:00:00,48481,48700,48481,48675,56.41217165016073,94.31818181818181,72.19696969696956
2020-08-30 00:00:00,48677,48677,48473,48651,55.23474657510668,88.86363636363636,77.80303030303016
2020-08-30 01:00:00,48651,48651,48650,48650,55.18306452671859,88.63636363636364,90.60606060606045
2020-08-30 02:00:00,48650,48651,48650,48651,55.228179093755934,88.86363636363636,88.78787878787864
2020-08-30 03:00:00,48650,48651,48650,48651,55.228179093755934,88.86363636363636,88.78787878787864
2020-08-30 04:00:00,48651,48651,48651,48651,55.228179093755934,87.75,88.4924242424241
2020-08-30 05:00:00,48651,48700,48650,48700,57.82634008991401,100.0,92.20454545454531
2020-08-30 06:00:00,48651,48720,48651,48719,58.82414610907188,99.76190476190476,95.83730158730144
2020-08-30 07:00:00,48719,48720,48650,48650,53.84210788839006,83.33333333333333,94.36507936507921
2020-08-30 08:00:00,48651,49000,48502,48624,52.05312107822176,46.285714285714285,76.4603174603173
2020-08-30 09:00:00,48869,49120,48655,49120,71.50460605212595,100.0,76.53968253968237
2020-08-30 10:00:00,49120,49120,49119,49120,71.50460605212595,100.0,82.09523809523795
2020-08-30 11:00:00,49119,49119,49011,49098,70.04287736765482,97.22921914357683,99.07640638119211
2020-08-30 12:00:00,49069,49099,48805,49031,65.6418851423849,86.24420401854714,94.49114105404117
2020-08-30 13:00:00,49031,49031,48807,48960,61.249905908884145,75.27047913446677,86.24796743219675
2020-08-30 14:00:00,48960,49023,48806,48997,62.652303361933704,80.09708737864078,80.53725684388473
2020-08-30 15:00:00,48997,48997,48801,48956,60.058485106543806,73.46278317152104,76.27678322820937
2020-08-30 16:00:00,48956,49100,48822,48991,61.52293107471211,79.12621359223301,77.56202804746478
2020-08-30 17:00:00,48991,49100,48839,49100,65.73627173209148,96.76375404530744,83.11758360302035
2020-08-30 18:00:00,49100,49100,48940,48940,56.036266795297536,70.87378640776699,82.254584681769
2020-08-30 19:00:00,48927,49100,48927,49100,62.064587879946,96.76375404530744,88.13376483279382
2020-08-30 20:00:00,49064,49120,48928,48995,56.58144173546523,79.77346278317152,82.47033441208184
2020-08-30 21:00:00,49050,49119,49005,49051,58.678201032417704,88.83495145631068,88.45738942826307
2020-08-30 22:00:00,49051,49117,49004,49006,56.3243522717465,75.48387096774194,81.36409506907457
2020-08-30 23:00:00,49006,49199,49006,49199,63.15165592323696,100.0,88.10627414135074
2020-08-31 00:00:00,49199,49199,49005,49177,61.96263419185162,94.47236180904522,89.98541092559556
2020-08-31 01:00:00,49178,49178,49010,49051,55.51569760452732,62.814070351758794,85.76214405360118
2020-08-31 02:00:00,49052,49052,48583,48870,47.81881215795298,46.59090909090909,67.95911375057089
2020-08-31 03:00:00,48870,48871,48870,48871,47.86182134026904,46.753246753246756,52.05274206530473
2020-08-31 04:00:00,48870,48891,48600,48801,45.061938743742246,35.38961038961039,42.91125541125526
2020-08-31 05:00:00,49130,49130,48800,48800,45.02141995711892,35.22727272727273,39.123376623376465
2020-08-31 06:00:00,48800,48810,48800,48810,45.54869778848588,36.85064935064935,35.822510822510665
2020-08-31 07:00:00,49093,49094,48820,48820,46.10534035078931,38.47402597402598,36.850649350649185
2020-08-31 08:00:00,49081,49121,48707,49083,58.20629092803081,81.16883116883118,52.16450216450201
2020-08-31 09:00:00,49065,49065,48959,48998,53.987258274357785,67.37012987012987,62.33766233766219
2020-08-31 10:00:00,48999,48999,48761,48805,45.85910948787257,36.03896103896104,61.52597402597388
2020-08-31 11:00:00,48853,48976,48805,48970,52.45024145077546,62.824675324675326,55.41125541125526
2020-08-31 12:00:00,48963,49000,48804,48804,46.33824590359142,35.87662337662338,44.91341991341975
2020-08-31 13:00:00,48804,48804,48800,48801,46.23339090600011,35.38961038961039,44.69696969696954
2020-08-31 14:00:00,48800,48801,48800,48801,46.23339090600011,36.63865546218487,35.96829640947272
2020-08-31 15:00:00,48801,48801,48800,48800,46.1929823195121,39.6709323583181,37.23306607003763
2020-08-31 16:00:00,48800,48801,48800,48801,46.24358027065142,37.924528301886795,38.078038707463094
2020-08-31 17:00:00,48800,48801,48795,48795,45.964293392350775,36.79245283018868,38.1293044967977
2020-08-31 18:00:00,48796,48796,48690,48691,41.30742488545039,0.22727272727272727,24.981417953115912
2020-08-31 19:00:00,48690,48997,48613,48661,40.047002801014386,9.448818897637794,15.489514818366246
2020-08-31 20:00:00,48699,48894,48698,48886,51.9011107172277,53.74015748031496,21.138749701741673
2020-08-31 21:00:00,48886,49060,48881,49014,57.098044680338646,78.93700787401575,47.37532808398935
2020-08-31 22:00:00,48908,49009,48900,48901,51.779162951739366,63.716814159292035,65.4646598378741
2020-08-31 23:00:00,48900,48939,48888,48893,51.41400834177632,62.639821029082775,68.43121435413002
2020-09-01 00:00:00,48895,49013,48850,48850,49.397545228859656,53.02013422818792,59.79225647218741
2020-09-01 01:00:00,48850,48870,48800,48870,50.37248452411563,57.49440715883669,57.71812080536896
2020-09-01 02:00:00,48869,48871,48869,48871,50.423916462493,57.718120805369125,56.07755406413108
2020-09-01 03:00:00,48871,49004,48871,48987,56.10658590084623,83.668903803132,66.29381058911244
2020-09-01 04:00:00,48987,48987,48986,48986,56.0469429938836,83.44519015659955,74.94407158836673
2020-09-01 05:00:00,48986,48987,48986,48986,56.0469429938836,83.44519015659955,83.5197613721102
2020-09-01 06:00:00,48986,48986,48812,48813,46.19437341511604,44.742729306487696,70.54436987322876
2020-09-01 07:00:00,48813,48985,48813,48865,49.091262275504214,56.375838926174495,61.52125279642041
2020-09-01 08:00:00,48984,48984,48706,48707,41.73808428077466,21.02908277404922,40.715883668903636
2020-09-01 09:00:00,48706,48707,48706,48707,41.73808428077466,2.4861878453038675,26.63036984850903
2020-09-01 10:00:00,48707,48709,48500,48503,34.09161566110156,0.5357142857142857,8.016994968355627
2020-09-01 11:00:00,48681,48681,48511,48634,41.50282534972222,26.120857699805068,9.714253276940912
2020-09-01 12:00:00,48633,48850,48633,48720,45.81079885087336,42.8849902534113,23.180520746310055
2020-09-01 13:00:00,48721,48790,48600,48691,44.61755787588109,37.23196881091618,35.41260558804402
2020-09-01 14:00:00,48691,48865,48691,48864,52.556612221073884,72.22222222222223,50.7797270955164
2020-09-01 15:00:00,48864,49300,48805,49102,60.867537655123414,75.25,61.56806367771264
2020-09-01 16:00:00,49280,49400,49201,49389,68.11994756792028,98.77777777777777,82.08333333333316
2020-09-01 17:00:00,49350,49399,49301,49399,68.34011711925285,99.88888888888889,91.30555555555537
2020-09-01 18:00:00,49398,49398,49096,49194,59.298962981880145,77.11111111111111,91.92592592592575
2020-09-01 19:00:00,49340,49364,49096,49115,56.21264890825228,68.33333333333333,81.7777777777776
2020-09-01 20:00:00,49205,49260,49021,49257,60.22038849696069,84.11111111111111,76.51851851851833
2020-09-01 21:00:00,49257,49257,49102,49143,55.8044704700538,71.44444444444444,74.62962962962943
2020-09-01 22:00:00,49142,49174,49000,49160,56.318869420643104,73.33333333333333,76.29629629629612
2020-09-01 23:00:00,49086,49550,49085,49549,66.05493934793373,99.9047619047619,81.56084656084639
2020-09-02 00:00:00,49550,49599,49010,49500,64.11633290738922,90.90073529411765,88.04627684407079
2020-09-02 01:00:00,49501,49501,49419,49490,63.7054204169946,89.08908908908909,93.29819542932272
2020-09-02 02:00:00,49489,49490,49428,49485,63.48633392365741,88.58858858858859,89.52613765726494
2020-09-02 03:00:00,49420,49420,49420,49420,60.57007958444586,80.2863436123348,85.98800709667064
2020-09-02 04:00:00,49422,49485,49422,49484,62.40141522646391,85.51637279596977,84.79710166563088
2020-09-02 05:00:00,49484,49490,49484,49489,62.54776582109269,81.63606010016694,82.47959216949033
2020-09-02 06:00:00,49489,49499,49489,49490,62.57913848910983,81.80300500834724,82.98514596816115
2020-09-02 07:00:00,49489,49599,49423,49583,65.47559835962176,97.32888146911519,86.92264885920963
2020-09-02 08:00:00,49583,49583,49433,49433,57.715941564883025,72.28714524207011,83.80634390651068
2020-09-02 09:00:00,49434,49449,49375,49400,56.13963746534538,66.7779632721202,78.79799666110166
2020-09-02 10:00:00,49400,49444,49200,49437,57.53986326669329,72.95492487479132,70.67334446299371
2020-09-02 11:00:00,49437,49444,49201,49240,48.636789982850765,40.06677796327212,59.933222036727706
2020-09-02 12:00:00,49378,49450,49143,49149,45.160695340260524,23.599320882852293,45.540341240305075
2020-09-02 13:00:00,49359,49359,49209,49350,53.12906783586324,57.72495755517827,40.463685467100724
2020-09-02 14:00:00,49333,49351,49063,49074,43.73231392737207,2.0522388059701493,27.792172414666727
2020-09-02 15:00:00,49074,49247,49063,49201,48.26647602268999,25.746268656716417,28.507821672621432
2020-09-02 16:00:00,49150,49191,48904,49151,46.6719028232051,35.539568345323744,21.112691936003255
2020-09-02 17:00:00,49150,49150,48909,49001,42.170821420539546,13.956834532374101,25.08089051147124
2020-09-02 18:00:00,49001,49130,48850,48990,41.85206105262377,18.69158878504673,22.72933055424801
2020-09-02 19:00:00,48851,48851,47708,48001,24.1656660930754,15.494447382337388,16.047623566585887
2020-09-02 20:00:00,48001,48599,47903,48361,34.94291602746563,34.53199365415124,22.9060099405116
2020-09-02 21:00:00,48361,48361,47999,48026,30.586767757722328,16.96,22.32881367882936
2020-09-02 22:00:00,47906,48320,47750,47751,27.550465388630826,2.4684270952927667,17.986806916481154
2020-09-02 23:00:00,47751,48009,47750,48009,34.15449844569734,17.27898966704937,12.235805587447196
2020-09-03 00:00:00,48009,48009,47709,47745,31.03689541167641,2.123995407577497,7.290470723306361
2020-09-03 01:00:00,47744,47939,47710,47930,35.48127519375511,12.743972445464983,10.715652506697099
2020-09-03 02:00:00,47915,47950,47910,47950,35.96175674727574,14.65778316172017,9.841917004920699
2020-09-03 03:00:00,47950,48000,47950,48000,37.220489580288394,17.77236762020694,15.05804107579718
2020-09-03 04:00:00,47949,47999,47940,47941,36.313445691293694,15.139701104613385,15.856617295513315
2020-09-03 05:00:00,47941,47999,47941,47952,36.62354409205365,16.45313553607552,16.455068086965102
2020-09-03 06:00:00,47951,48300,47951,48296,45.55213755951589,40.77669902912621,24.12317855660486
2020-09-03 07:00:00,48296,48296,48020,48028,40.73703490825953,22.50351617440225,26.577783579867816
2020-09-03 08:00:00,48028,48189,47940,48000,40.25822913658027,25.546806649168854,29.609007284232263
2020-09-03 09:00:00,48001,48190,48000,48029,41.03129448286926,35.95505617977528,28.00179300111529
2020-09-03 10:00:00,48253,48253,48013,48034,41.17263744275594,49.84662576687116,37.1161628652716
2020-09-03 11:00:00,48170,48177,47853,47991,40.27849047493921,46.15384615384615,43.98517603349737
2020-09-03 12:00:00,47991,48080,47800,47801,36.50595160938292,15.566835871404399,37.18910259737374
2020-09-03 13:00:00,47801,48008,47720,47720,35.000885190202425,1.8612521150592216,21.19397804676976
2020-09-03 14:00:00,47721,47999,47710,47721,35.03649429943377,1.8644067796610169,6.430831588708048
2020-09-03 15:00:00,47721,47980,47700,47871,40.318170107974524,28.5,10.741886298239914
2020-09-03 16:00:00,47871,48050,47870,47945,42.789349737875206,40.833333333333336,23.732580037664622
2020-09-03 17:00:00,47946,47950,47732,47950,42.961202104373726,41.666666666666664,36.99999999999984
2020-09-03 18:00:00,47950,47950,47588,47595,34.93691861805057,0.9831460674157303,27.827715355805083
2020-09-03 19:00:00,47593,47930,47504,47601,35.15736252047516,12.185929648241206,18.278580794107704
2020-09-03 20:00:00,47601,47649,46449,46453,20.70352674942758,0.2165674066053059,4.4618810407539184
2020-09-03 21:00:00,46454,47700,46453,46730,28.357073045227224,15.57649667405765,9.32633124296789
2020-09-03 22:00:00,46810,47493,46500,46678,27.814340498645564,12.6940133037694,9.49569246147729
2020-09-03 23:00:00,46678,46820,46112,46360,24.700867332518555,11.583372255955162,13.284627411260574
2020-09-04 00:00:00,46360,46360,45800,45800,20.375440606032612,0.0,8.092461853241359
2020-09-04 01:00:00,45797,46009,45520,45897,22.894118629127178,14.7265625,8.76997825198489
2020-09-04 02:00:00,45881,46359,45880,46355,33.57772299968228,33.00395256916996,15.910171689723157
2020-09-04 03:00:00,46355,46355,45455,45831,28.681293388481492,14.489402697495184,20.739972588888218
2020-09-04 04:00:00,46106,46360,45851,46103,34.056813640151034,24.971098265895954,24.15481784418687
2020-09-04 05:00:00,46103,46359,46103,46359,38.737079112977305,34.836223506743735,24.76557482337813
2020-09-04 06:00:00,46359,46360,45997,45997,34.958671809526166,21.723446893787575,27.17692288880893
2020-09-04 07:00:00,45995,45995,44100,44449,24.12292347493498,9.064935064935066,21.87486848848864
2020-09-04 08:00:00,44449,45874,44244,44861,30.313925285232585,19.869451697127936,16.885944551950043
2020-09-04 09:00:00,44861,45500,44753,45080,33.42351291149127,27.22222222222222,18.718869661428254
2020-09-04 10:00:00,45081,45081,44500,44769,31.288306742721943,18.583333333333332,21.891669084227676
2020-09-04 11:00:00,44755,45000,44360,44548,29.829972277679673,13.203654582964928,19.66973671284001
2020-09-04 12:00:00,44526,44775,44100,44319,28.35516539451585,8.051470588235293,13.2794861681777
2020-09-04 13:00:00,44319,44362,44000,44011,26.460305606477988,0.4661016949152542,7.240408955371674
2020-09-04 14:00:00,44297,44451,44000,44000,26.392470954859277,0.0,2.839190761050031
2020-09-04 15:00:00,44173,44310,43904,44310,31.70611268305538,16.530944625407166,5.665682106773989
2020-09-04 16:00:00,44254,44989,44201,44987,41.61808390485997,44.09609120521173,20.20901194353948
2020-09-04 17:00:00,44985,44985,44000,44746,39.42448469230636,34.28338762214984,31.636807817589425
2020-09-04 18:00:00,44746,44998,44569,44991,42.72925843822461,44.258957654723126,40.87947882736142
2020-09-04 19:00:00,44991,44996,44351,44887,41.689521523230106,40.02442996742671,39.522258414766405
2020-09-04 20:00:00,44887,45499,44351,45191,45.83825631174598,61.54949784791965,48.61096182335635
2020-09-04 21:00:00,45190,46000,44862,45698,51.975219467178135,85.59160305343511,62.388510289593675
2020-09-04 22:00:00,45201,45700,44000,44698,41.89257116859632,37.88167938931298,61.6742600968891
2020-09-04 23:00:00,44698,45697,44069,45399,49.3152146232005,71.32633587786259,64.93320610687009
2020-09-05 00:00:00,45399,45400,44782,45350,48.84552124797718,68.9885496183206,59.39885496183192
2020-09-05 01:00:00,45300,45300,44503,45298,48.31956637597691,66.50763358778626,68.94083969465635
2020-09-05 02:00:00,45119,45119,44731,45000,45.30862551577604,52.29007633587786,62.59541984732811
2020-09-05 03:00:00,45000,45295,45000,45294,48.704665633109784,66.31679389312977,61.704834605597824
2020-09-05 04:00:00,45294,45498,45294,45315,48.948513529584915,67.31870229007633,61.97519083969453
2020-09-05 05:00:00,45315,45496,44858,44858,44.04182953693012,42.9,58.8451653944019
2020-09-05 06:00:00,44842,45495,44842,45313,49.47253185841427,65.65,58.62290076335864
2020-09-05 07:00:00,45236,45496,44844,45496,51.51080256757405,74.8,61.11666666666654
2020-09-05 08:00:00,45496,45498,45001,45361,49.911244225287305,68.05,69.49999999999987
2020-09-05 09:00:00,45361,45452,45003,45167,47.62265415258305,58.35,67.06666666666653
2020-09-05 10:00:00,45168,45209,44941,44979,45.447832770025705,48.95,58.449999999999875
2020-09-05 11:00:00,44978,45199,44554,44802,43.436584130588344,47.1764705882353,51.49215686274497
2020-09-05 12:00:00,44806,44999,44584,44692,42.18708430994278,38.26781326781327,44.79809461868273
2020-09-05 13:00:00,44691,45000,44653,44945,46.032351711333824,44.42211055276382,43.28879813627068
2020-09-05 14:00:00,44855,45200,44612,44800,44.21715123506893,29.849246231155778,37.51305668391083
2020-09-05 15:00:00,45150,45199,44591,44764,43.7558162337308,22.24576271186441,32.17237316526121
2020-09-05 16:00:00,44765,44765,44500,44587,41.46513739228483,8.71743486973948,20.2708146042531
2020-09-05 17:00:00,44586,44685,44326,44334,38.372819959038644,0.6825938566552902,10.548597146086271
2020-09-05 18:00:00,44531,44531,44106,44245,37.31848375649667,9.985632183908047,6.461886970100818
2020-09-05 19:00:00,44245,44550,43980,44432,40.9873891689162,29.776021080368906,13.481415706977295
2020-09-05 20:00:00,43983,44497,43010,43389,30.32553244465923,15.233118971061094,18.331590745112564
2020-09-05 21:00:00,43350,44400,43008,44100,41.49744215499905,43.855421686746986,29.62152057939221
2020-09-05 22:00:00,44100,44686,43951,44679,48.70986597250818,68.37152209492635,42.48668758424469
2020-09-05 23:00:00,44679,44686,44350,44426,46.03896040508219,64.42526124488869,58.88406834218723
2020-09-06 00:00:00,44426,44686,43760,43770,39.9258313017117,34.762773722627735,55.85318568748082
2020-09-06 01:00:00,43858,44600,43606,44599,49.120144671332135,72.58211678832117,57.25671725194576
2020-09-06 02:00:00,44599,44599,43001,43499,40.305268954822886,22.646657571623464,43.330516027524006
2020-09-06 03:00:00,43445,43479,42679,42679,35.22983668398403,0.0,31.742924786648093
2020-09-06 04:00:00,43022,44500,42683,44500,50.221074876176665,72.26190476190476,31.63618744450929
2020-09-06 05:00:00,44499,44499,42775,43717,45.359598154224,49.760306807286675,40.67407052306369
2020-09-06 06:00:00,43725,44500,42745,43043,41.62440501287694,18.13652217239661,46.719577913862565
2020-09-06 07:00:00,44497,44498,43045,44452,50.753983936667915,88.34080717488789,52.079212051523605
2020-09-06 08:00:00,44452,44477,43732,44477,50.90071036133834,89.58644743398106,65.35459226042174
2020-09-06 09:00:00,44477,44477,43828,44476,50.894178303608385,89.53662182361734,89.15462547749532
2020-09-06 10:00:00,44301,44476,44007,44266,49.458776402917785,79.07324364723468,86.06543763494426
2020-09-06 11:00:00,44265,44265,44003,44229,49.19550846226949,77.22969606377679,81.94652051154283
2020-09-06 12:00:00,44229,44229,43812,43813,46.216782143295056,56.502242152466366,70.93506062115917
2020-09-06 13:00:00,43812,44049,43701,43895,46.89929469682617,60.58794220229198,64.77329347284494
2020-09-06 14:00:00,43895,44045,43801,44007,47.87231335212001,69.13066111400312,62.07361515625373
2020-09-06 15:00:00,43973,44250,43901,44250,50.01251691072107,81.82291666666667,70.5138399943205
2020-09-06 16:00:00,44250,44399,44070,44332,50.74738299371559,90.77429983525535,80.57595920530831
2020-09-06 17:00:00,44332,44443,44105,44349,50.908511686756015,91.68959823885525,88.09560491359234
2020-09-06 18:00:00,44349,44475,44000,44475,52.1577953606858,98.57549857549857,93.67979888320296
2020-09-06 19:00:00,44475,44475,43912,43937,46.693798012810994,67.92022792022792,86.06177491152715
2020-09-06 20:00:00,43942,44300,43942,44297,50.435481552082955,86.16655196145905,84.22075948572842
2020-09-06 21:00:00,44280,44299,43915,44277,50.22456160889599,74.22680412371135,76.10452800179935
2020-09-06 22:00:00,44277,44277,43960,43961,46.8881018156532,33.50515463917526,64.63283690811514
2020-09-06 23:00:00,43961,44275,43888,43889,46.136062807740764,24.258064516129032,43.996674426338465
2020-09-07 00:00:00,43888,44270,43811,44249,50.41814659705185,70.80103359173127,42.85475091567844
2020-09-07 01:00:00,44277,44277,44204,44204,49.884301014251896,64.98708010335918,53.34872607040641
2020-09-07 02:00:00,44203,44204,44203,44204,49.884301014251896,64.98708010335918,66.92506459948312
2020-09-07 03:00:00,44203,44204,44203,44204,49.884301014251896,59.79228486646884,63.25548169106232
2020-09-07 04:00:00,44203,44203,44203,44203,49.869645313368714,59.036144578313255,61.27183651604702
2020-09-07 05:00:00,44167,44167,44075,44164,49.26178728589994,53.16265060240964,57.33036001573051
2020-09-07 06:00:00,44164,44203,44077,44196,49.80244018681258,57.98192771084337,56.72690763052202
2020-09-07 07:00:00,44196,44198,43775,43999,46.51627611089796,32.0,47.71485943775093
2020-09-07 08:00:00,43999,44204,43782,44198,50.09827705052107,60.42857142857143,50.13683304647153
2020-09-07 09:00:00,44162,44162,43984,43985,46.507885122821044,40.0,44.142857142857075
2020-09-07 10:00:00,43985,44190,43985,44032,47.40361670724188,49.045801526717554,49.82479098509626
2020-09-07 11:00:00,44032,44474,43902,43961,46.14650996722679,26.609442060085836,38.551747862267725
2020-09-07 12:00:00,43961,44321,43853,43998,46.93625451617019,31.90271816881259,35.852653918538586
2020-09-07 13:00:00,43891,43998,43539,43919,45.40520759762459,40.64171122994652,33.05129048628158
2020-09-07 14:00:00,43915,43915,43475,43506,38.36037664932008,3.103103103103103,25.21584416728734
2020-09-07 15:00:00,43506,43506,43228,43452,37.540232372844805,17.97752808988764,20.574114140979024
2020-09-07 16:00:00,43420,44174,43203,43790,45.407881245055194,46.18410700236035,22.421579398450294
2020-09-07 17:00:00,43697,43940,43500,43744,44.58477294826146,42.56490952006294,35.57551487077024
2020-09-07 18:00:00,43806,43817,43209,43386,38.70450475250913,14.398111723052715,34.382376081825264
2020-09-07 19:00:00,43300,43850,42800,43073,34.429056180766864,16.308243727598565,24.423754990238
2020-09-07 20:00:00,43074,43090,42650,42654,29.69946909258657,0.21929824561403508,10.308551232088368
2020-09-07 21:00:00,42690,43000,42500,43000,37.35273784918654,25.329280648429584,13.952274207213991
2020-09-07 22:00:00,42999,43099,42500,42521,32.13677230919188,1.0638297872340425,8.87080289375915
2020-09-07 23:00:00,42756,43001,42520,43000,41.00811277570742,25.329280648429584,17.240797028031
2020-09-08 00:00:00,43001,43699,43000,43699,51.061871107073046,60.73961499493414,29.044241810199182
2020-09-08 01:00:00,43600,43698,43078,43698,51.04846735559551,65.7880285557386,50.61897473303403
2020-09-08 02:00:00,43531,43695,43531,43693,50.976414099464414,71.26642771804062,65.93135708957105
2020-09-08 03:00:00,43693,43693,43474,43479,47.86258005827898,58.48267622461171,65.17904416613023
2020-09-08 04:00:00,43162,43162,43160,43162,43.61276551150386,39.54599761051374,56.431700517721936
2020-09-08 05:00:00,43177,43262,43168,43235,44.82767367550724,43.90681003584229,47.311827956989156
2020-09-08 06:00:00,43193,43798,43161,43798,53.20216824300852,90.13888888888889,57.86389884508154
2020-09-08 07:00:00,43798,43800,43170,43800,53.22932745769253,96.29629629629629,76.78066507367573
2020-09-08 08:00:00,43787,43787,43343,43546,49.314985271577775,77.48148148148148,87.97222222222213
2020-09-08 09:00:00,43546,43627,43358,43576,49.78468062095587,82.76923076923077,85.51566951566944
2020-09-08 10:00:00,43576,43627,43576,43627,50.622403229952596,86.6923076923077,82.31433998100657
2020-09-08 11:00:00,43626,43627,43576,43577,49.74619290067224,82.84615384615384,84.10256410256403
2020-09-08 12:00:00,43577,43626,43575,43576,49.72765424398542,82.5,84.01282051282044
2020-09-08 13:00:00,43576,43627,43367,43563,49.46955634837505,70.375,78.57371794871788
2020-09-08 14:00:00,43563,43707,43488,43697,52.222252590217515,85.73407202216066,79.53635734072016
2020-09-08 15:00:00,43697,43706,43408,43504,48.15342268957806,53.75,69.95302400738683
2020-09-08 16:00:00,43505,43706,43366,43366,45.4279399434804,32.1875,57.223857340720166
2020-09-08 17:00:00,43366,43591,43089,43151,41.4880560930352,8.720112517580873,31.552537505860233
2020-09-08 18:00:00,43150,43151,42608,42867,36.93163854516828,21.72818791946309,20.878600145681265
2020-09-08 19:00:00,42867,42953,42400,42565,32.80569772547864,11.785714285714286,14.07800490758603
2020-09-08 20:00:00,42565,42875,42310,42579,33.178387217057576,18.053691275167786,17.18919782678167
2020-09-08 21:00:00,42580,43124,42363,42510,32.2295861464752,13.540961408259987,14.4601223230473
2020-09-08 22:00:00,42510,43400,42510,42946,43.26934898838753,45.526127415891196,25.706926699772932
2020-09-08 23:00:00,42946,42946,42830,42855,41.74100166993599,39.012168933428775,32.693085919193265
2020-09-09 00:00:00,42936,43135,42826,43076,46.667820526358284,54.83178239083751,46.45669291338577
2020-09-09 01:00:00,43076,43076,42838,42971,44.7322626730744,47.31567644953472,47.05320925793361
2020-09-09 02:00:00,42971,42971,42500,42500,37.26579312832518,13.600572655690765,38.582677165354276
2020-09-09 03:00:00,42358,43134,42358,42441,36.4451580864783,9.377236936292054,23.431162013839117
2020-09-09 04:00:00,42899,42899,42625,42625,40.82190246923801,22.564469914040114,15.180759835340917
2020-09-09 05:00:00,42625,42626,42625,42625,40.82190246923802,22.564469914040114,18.168725588124033
2020-09-09 06:00:00,42626,42626,42352,42428,37.60617338088329,9.211553473848555,18.113497767309536
2020-09-09 07:00:00,42426,42900,42426,42596,41.81557803107834,26.238532110091743,19.33818516599341
2020-09-09 08:00:00,42597,43000,42365,42892,48.418553507197714,53.39449541284404,29.614860332261383
2020-09-09 09:00:00,42888,42888,42671,42864,47.86519852028572,50.825688073394495,43.48623853211003
2020-09-09 10:00:00,42864,42870,42440,42440,40.34580357948729,8.396946564885496,37.53904335037461
2020-09-09 11:00:00,42480,42800,42300,42700,45.95277808945501,36.36363636363637,31.86209033397206
2020-09-09 12:00:00,42700,42899,42500,42845,48.8407381900455,65.26946107784431,36.67668133545533
2020-09-09 13:00:00,42845,42900,42759,42849,48.92182120513425,65.74850299401197,55.79386681183082
2020-09-09 14:00:00,42690,42847,42523,42829,48.5078479203835,63.42925659472422,64.81574022219344
2020-09-09 15:00:00,42830,42850,42799,42850,48.99588063485049,65.94724220623502,65.04166726499034
2020-09-09 16:00:00,42850,42850,42709,42849,48.972078176457046,65.8273381294964,65.06794564348515
2020-09-09 17:00:00,42848,42849,42709,42849,48.97207817645705,78.42857142857143,70.06771725476756
2020-09-09 18:00:00,42849,42900,42700,42850,49.00081209617859,78.57142857142857,74.27577937649873
2020-09-09 19:00:00,42850,43248,42850,43199,57.90894883327809,94.83122362869199,83.94374120956392
2020-09-09 20:00:00,43199,43220,42935,43199,57.90894883327809,94.83122362869199,89.41129194293744
2020-09-09 21:00:00,43199,43250,43150,43250,59.119150216096656,100.0,96.55414908579458
2020-09-09 22:00:00,43250,43499,43250,43498,64.46899897161774,99.91659716430358,98.24927359766512
2020-09-09 23:00:00,43498,43680,43498,43680,67.79935421623173,100.0,99.97219905476778
2020-09-10 00:00:00,43680,44000,43500,44000,72.65288614396897,100.0,99.97219905476778
2020-09-10 01:00:00,44000,44200,43966,43998,72.57925348105623,88.11764705882354,96.03921568627443
2020-09-10 02:00:00,44000,44101,44000,44101,74.03853392333774,94.09660107334525,94.07141604405619
2020-09-10 03:00:00,44177,44198,43977,43978,69.29590005925658,86.76207513416816,89.65877442211224
2020-09-10 04:00:00,43978,43978,43978,43978,69.29590005925658,85.2,88.6862254025044
2020-09-10 05:00:00,43978,44155,43977,43985,69.42516720913771,85.66666666666667,85.87624726694487
2020-09-10 06:00:00,43985,44088,43985,44015,70.00794885883326,87.66666666666667,86.17777777777773
2020-09-10 07:00:00,44050,44050,43688,43689,57.23996881851577,65.93333333333334,79.75555555555552
2020-09-10 08:00:00,43689,44460,43689,44444,70.60906988755458,99.00621118012423,84.2020703933747
2020-09-10 09:00:00,44151,44442,43689,44001,58.96062991517039,69.90163934426229,78.28039461923991
2020-09-10 10:00:00,44430,44431,43999,44081,60.23637581142636,71.06870229007633,79.99218427148757
2020-09-10 11:00:00,44081,44277,44080,44080,60.211179595253085,68.59504132231405,69.8551276522175
2020-09-10 12:00:00,44080,44190,44001,44190,62.089680071962825,71.93347193347194,70.53240518195405
2020-09-10 13:00:00,44189,44200,44101,44178,61.74719572390579,70.625,70.38450441859527
2020-09-10 14:00:00,44177,44199,43760,43905,54.396054128686,28.10880829015544,56.88909340787574
2020-09-10 15:00:00,43896,44007,43757,44007,56.48074291537674,41.32124352331606,46.685017271157115
2020-09-10 16:00:00,43974,44005,43696,43697,49.12999198451443,1.16580310880829,23.531951640759882
2020-09-10 17:00:00,43697,43980,43696,43879,52.99762688274909,24.740932642487046,22.409326424870418
2020-09-10 18:00:00,43797,43880,43796,43880,53.01876281502659,24.870466321243523,16.925734024179572
2020-09-10 19:00:00,43838,43880,43800,43880,53.01876281502659,24.870466321243523,24.82728842832465
2020-09-10 20:00:00,43880,44000,43711,43955,54.78721574677679,34.58549222797927,28.108808290155395
2020-09-10 21:00:00,43898,44149,43898,44149,59.07812858291631,59.66277561608301,39.70624472176855
2020-09-10 22:00:00,44148,44420,44148,44344,62.89046738762285,86.98539176626826,60.41121987011013
2020-09-10 23:00:00,44345,44345,44001,44199,58.524394265636786,68.43537414965986,71.69451384400367
2020-09-11 00:00:00,44199,44199,44139,44139,56.768173785239505,61.187845303867405,72.20287040659845
2020-09-11 01:00:00,44140,44140,43901,43901,50.317941351765164,28.314917127071823,52.64604552686631
2020-09-11 02:00:00,43901,43901,43755,43755,46.80460591348494,8.149171270718233,32.550644567219095
2020-09-11 03:00:00,43755,43755,43755,43755,46.80460591348495,8.149171270718233,14.871086556169368
2020-09-11 04:00:00,43755,43828,43755,43781,47.56081612009374,11.740331491712707,9.34622467771633
2020-09-11 05:00:00,43780,43781,43780,43781,47.56081612009374,11.740331491712707,10.543278084714489
2020-09-11 06:00:00,43781,43842,43750,43842,49.51366311977002,20.165745856353592,14.548802946592941
2020-09-11 07:00:00,43841,43841,43750,43780,47.574419675492166,9.732016925246826,13.879364757770979
2020-09-11 08:00:00,43780,44196,43780,44172,58.61173713503737,65.02115655853315,31.63963978004446
2020-09-11 09:00:00,44070,44070,43695,43715,46.35819559394544,2.7586206896551726,25.83726472447832
2020-09-11 10:00:00,43717,43718,43501,43502,41.9555425426609,0.1088139281828074,22.62953039212365
2020-09-11 11:00:00,43502,43502,43335,43356,39.206958459499745,1.935483870967742,1.6009728296018484
2020-09-11 12:00:00,43356,43502,43282,43313,38.4088691569614,2.916274694261524,1.6535241644706324
2020-09-11 13:00:00,43313,43794,43312,43789,50.43635279136787,55.288985823336965,20.046914796188684
2020-09-11 14:00:00,43789,43789,43321,43581,46.19152601331084,32.713347921225385,30.306202812941233
2020-09-11 15:00:00,43580,43810,43335,43610,46.86300531910521,35.88621444201313,41.29618272885843
2020-09-11 16:00:00,43610,43798,43361,43388,42.49156691356264,11.597374179431073,26.732312180889807
2020-09-11 17:00:00,43738,43751,43409,43716,49.923976193693406,47.4835886214442,31.655725747629408
2020-09-11 18:00:00,43715,43794,43617,43694,49.46222792357889,45.076586433260395,34.71918307804516
2020-09-11 19:00:00,43601,43706,43600,43631,48.09053078660258,38.183807439824946,43.58132749817645
2020-09-11 20:00:00,43601,43795,43431,43481,44.89791865526408,21.772428884026258,35.01094091903713
2020-09-11 21:00:00,43500,43820,43500,43820,52.56269853597576,58.862144420131294,39.60612691466077
2020-09-11 22:00:00,43683,43819,43683,43798,52.056623003285544,65.48223350253807,48.705602268898474
2020-09-11 23:00:00,43799,43800,43798,43800,52.10177210682445,96.28252788104089,73.54230193457002
2020-09-12 00:00:00,43800,44000,43800,43999,56.4920948505188,99.86072423398329,87.20849520585402
2020-09-12 01:00:00,43999,43999,43800,43887,53.51883230259593,84.26183844011142,93.46836351837847
2020-09-12 02:00:00,43887,43974,43886,43930,54.50877114625394,89.82558139534883,91.31604802314779
2020-09-12 03:00:00,43930,43931,43930,43931,54.53302292760875,89.8379970544919,87.97513896331732
2020-09-12 04:00:00,43931,43931,43930,43930,54.501732538264335,89.47368421052632,89.71242088678895
2020-09-12 05:00:00,43931,43931,43931,43931,54.52982971339884,89.2018779342723,89.50451973309679
2020-09-12 06:00:00,43931,43999,43930,43999,56.49716748608282,99.83079526226734,92.83545246902194
2020-09-12 07:00:00,43998,44000,43998,44000,56.52695595431027,100.0,96.3442243988465
2020-09-12 08:00:00,44000,44000,43801,43871,51.616791527334385,77.3286467486819,92.38648067031637
2020-09-12 09:00:00,43809,44000,43809,43998,55.69691322668647,99.64850615114236,92.32571763327473
2020-09-12 10:00:00,43998,43998,43900,43901,52.08417154474708,80.2,85.72571763327473
2020-09-12 11:00:00,43901,43989,43900,43986,54.84802138484608,95.58359621451105,91.81070078855112
2020-09-12 12:00:00,43987,43997,43807,43911,51.99799387350546,55.94059405940594,77.24139675797231
2020-09-12 13:00:00,43912,44000,43912,44000,54.98708175218125,100.0,83.84139675797233
2020-09-12 14:00:00,43999,44174,43999,44151,59.585306636997736,93.85026737967914,83.26362047969502
2020-09-12 15:00:00,44073,44073,43952,43957,52.20648582185571,41.8230563002681,78.5577745599824
2020-09-12 16:00:00,43957,44000,43809,44000,53.578683399510105,53.35120643431635,63.00817670475451
2020-09-12 17:00:00,43999,44000,43999,43999,53.54018490220895,53.083109919571044,49.41912421805181
2020-09-12 18:00:00,44000,44200,44000,44180,59.24793118635619,94.9874686716792,67.14059500852217
2020-09-12 19:00:00,44179,44198,43906,43990,52.022874809304774,47.36842105263158,65.14633321462725
2020-09-12 20:00:00,43990,43991,43900,43941,50.31866020998691,35.08771929824562,59.147869674185436
2020-09-12 21:00:00,43940,43940,43711,43711,43.16994680397283,0.0,27.485380116959035
2020-09-12 22:00:00,43808,43970,43803,43969,51.49458873039558,52.760736196319016,29.28281849818818
2020-09-12 23:00:00,43970,43970,43883,43883,48.92208571631469,35.173824130879346,29.311520109066095
2020-09-13 00:00:00,43969,43970,43968,43970,51.55852135862312,52.965235173824134,46.96659850034081
2020-09-13 01:00:00,43969,43970,43969,43970,51.55852135862312,52.965235173824134,47.03476482617585
2020-09-13 02:00:00,43970,44187,43969,44187,57.85174879145794,97.34151329243353,67.75732788002725
2020-09-13 03:00:00,44187,44189,44187,44189,57.90602767327725,97.75051124744377,82.68575323790046
2020-09-13 04:00:00,44188,44189,44188,44189,57.90602767327725,97.75051124744377,97.61417859577368
2020-09-13 05:00:00,44188,44189,44188,44188,57.86281707522083,97.54601226993866,97.68234492160872
2020-09-13 06:00:00,44188,44189,44188,44189,57.89665220266442,97.75051124744377,97.6823449216087
2020-09-13 07:00:00,44189,44200,44188,44188,57.846629740589535,97.54601226993866,97.61417859577368
2020-09-13 08:00:00,44189,44189,44188,44189,57.88581517753263,97.75051124744377,97.68234492160872
2020-09-13 09:00:00,44189,44200,44188,44200,58.34452898075764,100.0,98.43217450579414
2020-09-13 10:00:00,44200,44200,44199,44199,58.28237875977895,99.79550102249489,99.18200408997954
2020-09-13 11:00:00,44200,44475,44188,44475,68.31457188380287,100.0,99.93183367416493
2020-09-13 12:00:00,44475,44765,44475,44736,74.54785490200018,96.71201814058956,98.83583972102814
2020-09-13 13:00:00,44737,44737,44602,44602,67.23477684532463,79.5483061480552,92.08677476288157
2020-09-13 14:00:00,44661,44661,44601,44602,67.23477684532463,79.52261306532664,85.26097911799046
2020-09-13 15:00:00,44602,44650,44600,44650,68.51780409570866,85.55276381909547,81.54122767749242
2020-09-13 16:00:00,44662,44749,44661,44726,70.4882935331698,93.25259515570934,86.10932401337713
2020-09-13 17:00:00,44725,44726,44625,44626,64.74590600583787,75.90987868284229,84.90507921921568
2020-09-13 18:00:00,44625,44626,44191,44489,57.79886215368049,52.16637781629116,73.77628388494757
2020-09-13 19:00:00,44372,44489,43801,43801,36.57499378991063,0.0,42.69208549971113
2020-09-13 20:00:00,43800,43917,43711,43789,36.32445105975563,7.400379506641366,19.855585774310825
2020-09-13 21:00:00,43711,43789,43701,43770,35.90506852262489,6.484962406015038,4.628447304218786
2020-09-13 22:00:00,43770,44253,43770,43997,44.19484035681877,27.81954887218045,13.901630261612269
2020-09-13 23:00:00,43997,44100,43900,44014,44.77093564487479,29.417293233082706,21.240601503759382
2020-09-14 00:00:00,43751,44000,43589,44000,44.36475256381461,34.94897959183673,30.72860723236661
2020-09-14 01:00:00,43667,44100,43511,43907,41.66083629454703,31.57894736842105,31.98174006444681
2020-09-14 02:00:00,43901,43956,43500,43790,38.48313401864513,23.21857485988791,29.915500606715213
2020-09-14 03:00:00,43699,43748,43699,43748,37.38087713137136,19.85588470776621,24.884468978691704
2020-09-14 04:00:00,43748,43988,43748,43976,46.36243516482373,38.11048839071257,27.061649319455544
2020-09-14 05:00:00,43976,43976,43861,43861,43.01142168422478,28.9031224979984,28.956498532159042
2020-09-14 06:00:00,43877,43987,43701,43931,45.58939475157429,35.15497553017944,34.05619547296345
2020-09-14 07:00:00,43931,43931,43753,43755,40.61463186887654,22.646536412078152,28.90154481341865
2020-09-14 08:00:00,43900,43900,43699,43700,39.175956294155455,20.222446916076844,26.007986286111464
2020-09-14 09:00:00,43700,43839,43608,43718,39.9259570634092,28.95086321381142,23.939948847322125
2020-09-14 10:00:00,43717,43941,43717,43936,48.248863011609934,57.90172642762284,35.691678852503685
2020-09-14 11:00:00,43936,43945,43901,43901,47.12013098083646,53.253652058432934,46.70208056662238
2020-09-14 12:00:00,43901,43901,43509,43861,45.801391321825186,60.166666666666664,57.10734838424079
2020-09-14 13:00:00,43861,43945,43548,43936,48.7004189350466,72.66666666666667,62.02899513058873
2020-09-14 14:00:00,43936,43936,43881,43881,46.72656862934677,63.5,65.44444444444441
2020-09-14 15:00:00,43881,43934,43580,43920,48.325909224318515,86.06557377049181,74.07741347905281
2020-09-14 16:00:00,43880,44387,43617,43779,43.26836213718319,30.751708428246015,60.105760732912586
2020-09-14 17:00:00,43779,43779,43700,43700,40.69838233329748,21.753986332574033,46.1904228437706
2020-09-14 18:00:00,43701,44019,43655,43952,50.74784084539402,50.45558086560364,34.32042520880788
2020-09-14 19:00:00,43951,44180,43746,44179,57.70146821231487,76.30979498861048,49.5064540622627
2020-09-14 20:00:00,43915,44180,43915,44149,56.56485449033737,72.89293849658314,66.55277145026574
2020-09-14 21:00:00,44149,44600,43855,44599,67.04968737607163,99.9083409715857,83.03702481892643
2020-09-14 22:00:00,44600,44727,44059,44669,68.3303470822863,95.23809523809524,89.34645823542134
2020-09-14 23:00:00,44619,44671,44619,44671,68.36817523129605,95.40229885057471,96.84957835341852
2020-09-15 00:00:00,44671,44760,44350,44754,69.97120810159274,99.52038369304556,96.72025926057182
2020-09-15 01:00:00,44753,44760,44568,44752,69.87931066856021,99.36051159072741,98.09439804478255
2020-09-15 02:00:00,44752,44759,44661,44759,70.0276844047109,99.91749174917491,99.59946234431595
2020-09-15 03:00:00,44503,44551,44503,44551,60.492224213036884,82.28813559322033,93.8553796443742
2020-09-15 04:00:00,44551,44551,44446,44447,56.35987867793102,73.47457627118644,85.22673453786054
2020-09-15 05:00:00,44759,44759,44449,44759,64.24993122183207,99.91251093613299,85.22507426684656
2020-09-15 06:00:00,44741,44741,44637,44637,59.704345930337126,88.86877828054298,87.41862182928746
2020-09-15 07:00:00,44602,44678,44452,44671,60.542172414490615,91.94570135746606,93.575663524714
2020-09-15 08:00:00,44671,44760,44602,44749,62.470027942431955,98.91518737672584,93.24322233824495
2020-09-15 09:00:00,44748,44760,44606,44759,62.72150005105285,99.88950276243094,96.91679716554093
2020-09-15 10:00:00,44757,44920,44603,44920,66.60163914659269,100.0,99.60156337971891
2020-09-15 11:00:00,44920,44920,44919,44919,66.55530188857291,99.88385598141696,99.92445291461594
2020-09-15 12:00:00,44920,45000,44920,44999,68.44662571080863,99.84615384615384,99.91000327585692
2020-09-15 13:00:00,45000,45000,44862,44863,62.025080373788306,78.92307692307692,92.88436225021589
2020-09-15 14:00:00,44867,44868,44862,44864,62.05327118859451,75.45126353790614,84.74016476904562
2020-09-15 15:00:00,44863,44913,44758,44809,59.4396976194137,65.52346570397111,73.29926872165137
2020-09-15 16:00:00,44798,44858,44628,44628,51.71955385972917,32.851985559566785,57.94223826714799
2020-09-15 17:00:00,44689,44989,44667,44955,61.458845612099914,91.87725631768953,63.41756919374245
2020-09-15 18:00:00,44933,45232,44664,45232,67.44898975168653,100.0,74.90974729241874
2020-09-15 19:00:00,45233,45500,45213,45398,70.41639370432044,90.26717557251908,94.04814396340284
2020-09-15 20:00:00,45399,45499,45398,45498,72.0683027109529,99.80916030534351,96.69211195928749
2020-09-15 21:00:00,45499,45499,45498,45498,72.0683027109529,99.77728285077951,96.61787290954732
2020-09-15 22:00:00,45499,45499,45300,45300,63.87765029409098,77.70345596432553,92.4299663734828
2020-09-15 23:00:00,45301,45301,45207,45207,60.405087092224655,67.3355629877369,81.60543393428061
2020-09-16 00:00:00,45207,45289,45038,45289,62.34864474010099,75.80275229357798,73.61392374854677
2020-09-16 01:00:00,45289,45488,45053,45451,65.90892789534894,94.38073394495413,79.17301640875631
2020-09-16 02:00:00,45451,45451,45067,45446,65.70242554350065,93.80733944954129,87.99694189602444
2020-09-16 03:00:00,45445,45445,45441,45441,65.48148066990828,93.23394495412845,93.80733944954125
2020-09-16 04:00:00,45441,45441,45441,45441,65.48148066990828,93.23394495412845,93.42507645259934
2020-09-16 05:00:00,45441,45491,45441,45491,66.77719192354994,98.96788990825688,95.14525993883787
2020-09-16 06:00:00,45489,45490,45489,45490,66.72324732989557,98.80382775119617,97.00188753786044
2020-09-16 07:00:00,45263,45456,45080,45194,53.05976272882926,63.39712918660287,87.05628228201857
2020-09-16 08:00:00,45194,45194,45015,45173,52.24239100552725,32.577319587628864,64.92609217514257
2020-09-16 09:00:00,45172,45200,45015,45200,53.239769729763246,38.22314049586777,44.73252975669977
2020-09-16 10:00:00,45200,45400,45200,45371,59.06988943227283,73.55371900826447,48.118059697253635
2020-09-16 11:00:00,45371,45419,45232,45322,56.88134513403046,63.429752066115704,58.402203856749246
2020-09-16 12:00:00,45401,45430,45401,45430,60.366808984975265,87.18487394957984,74.72278167465328
2020-09-16 13:00:00,45430,45523,45357,45516,62.9360589226879,98.62204724409449,83.07889108659663
2020-09-16 14:00:00,45522,45565,45423,45565,64.35394425028332,100.0,95.26897373122472
2020-09-16 15:00:00,45565,45700,45452,45593,65.17380883333735,84.37956204379562,94.33386976262996
2020-09-16 16:00:00,45700,45997,45645,45997,74.3432101060771,100.0,94.7931873479318
2020-09-16 17:00:00,45997,46000,45796,45811,65.75889294579665,80.81218274111676,88.3972482616374
2020-09-16 18:00:00,45812,45990,45500,45652,59.440379919437184,64.67005076142132,81.82741116751264
2020-09-16 19:00:00,45651,45999,45651,45871,64.50002560822446,86.90355329949239,77.46192893401009
2020-09-16 20:00:00,45871,45900,45811,45827,62.80485775231915,82.43654822335026,78.0033840947546
2020-09-16 21:00:00,45827,45827,45801,45802,61.810850492193815,79.8984771573604,83.07952622673427
2020-09-16 22:00:00,45801,45827,45751,45754,59.8521763973431,75.0253807106599,79.12013536379011
2020-09-16 23:00:00,45826,45995,45826,45995,65.72486672656538,99.375,84.7662859560067
2020-09-17 00:00:00,45995,46050,45995,46049,66.89342596995203,99.87775061124694,91.42604377396889
2020-09-17 01:00:00,46049,46120,46049,46120,68.41804007481846,100.0,99.75091687041557
2020-09-17 02:00:00,46120,46120,46079,46079,66.5131777978194,94.62647444298821,98.1680750180783
2020-09-17 03:00:00,46119,46119,46080,46101,67.04340114325898,97.27403156384506,97.30016866894432
2020-09-17 04:00:00,46102,46200,46102,46199,69.36999240203156,99.8663101604278,97.25560538908694
2020-09-17 05:00:00,46199,46199,46103,46104,64.60843381285228,86.28571428571429,94.47535200332895
2020-09-17 06:00:00,46104,46180,46104,46179,66.55992701890216,97.0,94.38400814871393
2020-09-17 07:00:00,46178,46179,45853,45853,52.90460970251685,50.42857142857143,77.90476190476181
2020-09-17 08:00:00,45853,46070,45852,45928,55.18266037006312,50.455373406193075,65.96131494492141
2020-09-17 09:00:00,45927,45961,45927,45961,56.18687505699535,46.770601336302896,49.218182057022375
2020-09-17 10:00:00,45961,45961,45960,45961,56.18687505699535,46.770601336302896,47.998858692932856
2020-09-17 11:00:00,45961,46103,45902,45902,53.69228152034157,33.630289532293986,42.39049740163316
2020-09-17 12:00:00,45900,46089,45827,46044,58.471256151773595,58.288770053475936,46.229886974024176
2020-09-17 13:00:00,46043,46043,45827,45991,56.142390425988346,43.96782841823056,45.295629334666735
2020-09-17 14:00:00,45999,46088,45835,45840,50.02865533750208,3.485254691689008,35.247284387798416
2020-09-17 15:00:00,45835,45835,45827,45828,49.56670556951712,0.2680965147453083,15.907059874888207
2020-09-17 16:00:00,45828,46485,45827,45876,51.495998472738,7.446808510638298,3.7333865723574533
2020-09-17 17:00:00,45893,46044,45800,45901,52.51487571564745,14.744525547445255,7.486476857609536
2020-09-17 18:00:00,45900,45900,45689,45689,44.06225227935831,0.0,7.397111352694433
2020-09-17 19:00:00,45690,45851,45655,45655,42.870474698244266,0.0,4.914841849148334
2020-09-17 20:00:00,45820,45866,45651,45843,50.79544184804253,23.02158273381295,7.673860911270897
2020-09-17 21:00:00,45835,45836,45601,45792,48.81708028160892,21.60633484162896,14.875972525147219
2020-09-17 22:00:00,45740,45740,45703,45729,46.41233332736723,14.479638009049774,19.70251852816381
2020-09-17 23:00:00,45729,46074,45488,45948,54.75583583234166,46.138415245737214,27.408129365471897
2020-09-18 00:00:00,45895,45896,45514,45553,42.04137093531782,6.519558676028084,22.37920397693827
2020-09-18 01:00:00,45576,45834,45576,45834,50.79470360683262,34.70411233701103,29.12069541959202
2020-09-18 02:00:00,45834,45900,45834,45900,52.60524280470281,41.323971915747244,27.515880976262036
2020-09-18 03:00:00,45915,45915,45709,45709,47.193329704642245,22.166499498495487,32.7315279170845
2020-09-18 04:00:00,45554,45646,45554,45646,45.529508656303314,15.847542627883652,26.44600468070871
2020-09-18 05:00:00,45646,46000,45646,46000,55.10700455037994,51.35406218655968,29.789368104312853
2020-09-18 06:00:00,46000,46000,45999,45999,55.077543605874936,87.20136518771331,51.467656667385455
2020-09-18 07:00:00,45902,45919,45647,45648,45.818386510501846,27.303754266211605,55.286393880161434
2020-09-18 08:00:00,45647,45915,45647,45674,46.53537849594084,31.74061433447099,48.748577929465206
2020-09-18 09:00:00,45674,45764,45646,45647,45.85673668560136,27.133105802047783,28.725824800910036
2020-09-18 10:00:00,45647,45750,45647,45727,48.26419872461965,40.784982935153586,33.21956769055737
2020-09-18 11:00:00,45726,45749,45700,45700,47.4965969419465,36.177474402730375,34.69852104664383
2020-09-18 12:00:00,45605,45750,45605,45747,49.01664752732561,44.19795221843003,40.38680318543792
2020-09-18 13:00:00,45748,45748,45607,45669,46.605154726652664,31.893004115226336,37.422810245462166
2020-09-18 14:00:00,45668,45797,45667,45766,49.9057484708742,47.53363228699551,41.208196206883876
2020-09-18 15:00:00,45798,45899,45750,45898,54.0668283622296,77.13004484304933,52.1855604150903
2020-09-18 16:00:00,45751,45898,45751,45896,53.993646817682034,76.68161434977578,67.1150971599401
2020-09-18 17:00:00,45896,45897,45895,45897,54.02715314010186,76.90582959641256,76.90582959641246
2020-09-18 18:00:00,45897,46000,45897,45999,57.43257695512623,99.74683544303798,84.44475979640868
2020-09-18 19:00:00,45998,46000,45926,46000,57.465842306804284,100.0,92.21755501315009
2020-09-18 20:00:00,46000,46008,45999,46008,57.75029699136814,100.0,99.9156118143459
2020-09-18 21:00:00,46007,46100,45999,45999,57.28614305015791,79.5959595959596,93.1986531986531
2020-09-18 22:00:00,45999,46089,45950,45950,54.70805724815928,69.6969696969697,83.097643097643
2020-09-18 23:00:00,45926,46015,45801,45932,53.75109196240584,66.06060606060606,71.78451178451168
2020-09-19 00:00:00,45982,45982,45719,45952,54.69927507676418,70.1010101010101,68.61952861952852
2020-09-19 01:00:00,45710,45711,45600,45603,39.48622071626059,0.6,45.58720538720528
2020-09-19 02:00:00,45602,45603,45602,45602,39.45236226295725,0.4,23.700336700336596
2020-09-19 03:00:00,45603,45603,45602,45603,39.50822247449051,0.6,0.5333333333332272
2020-09-19 04:00:00,45602,45603,45602,45603,39.50822247449051,0.6,0.5333333333332272
2020-09-19 05:00:00,45603,45603,45602,45603,39.50822247449051,0.6,0.599999999999894
2020-09-19 06:00:00,45602,45603,45602,45603,39.50822247449051,0.6,0.599999999999894
2020-09-19 07:00:00,45603,45603,45602,45603,39.50822247449051,0.6,0.599999999999894
2020-09-19 08:00:00,45603,46014,45603,45854,54.70241327192618,50.8,17.333333333333226
2020-09-19 09:00:00,45855,45926,45855,45900,56.84191287562444,60.0,37.13333333333323
2020-09-19 10:00:00,45999,45999,45998,45999,61.100302681788534,79.8,63.53333333333324
2020-09-19 11:00:00,45998,45999,45803,45901,55.285075357383,61.554192229038854,67.11806407634619
2020-09-19 12:00:00,45901,46009,45812,46009,59.823243388311916,98.55421686746988,79.96946969883614
2020-09-19 13:00:00,46009,46015,46001,46015,60.0657290188222,100.0,86.70280303216947
2020-09-19 14:00:00,46015,46015,45811,46005,59.42201650446021,97.59036144578313,98.71485943775089
2020-09-19 15:00:00,46005,46006,46001,46002,59.216986490819146,96.85230024213075,98.14755389597117
2020-09-19 16:00:00,46002,46002,45888,45919,53.69672817956011,76.75544794188862,90.39936987660072
2020-09-19 17:00:00,45919,46000,45918,46000,57.8283910574061,96.3680387409201,89.99192897497971
2020-09-19 18:00:00,46000,46006,45999,46006,58.12645118470557,97.82082324455206,90.31476997578682
2020-09-19 19:00:00,46005,46200,46005,46200,66.39642841908474,100.0,98.06295399515727
2020-09-19 20:00:00,46300,46380,46034,46295,69.56619549466718,89.07455012853471,95.63179112436215
2020-09-19 21:00:00,46297,46398,46290,46397,72.55915376073564,99.87421383647799,96.31625465500412
2020-09-19 22:00:00,46397,46397,46395,46397,72.55915376073564,99.83193277310924,96.26023224604053
2020-09-19 23:00:00,46316,46317,46288,46288,64.67627080537177,81.5126050420168,93.7395838838679
2020-09-20 00:00:00,46289,46289,46289,46289,64.71414572246866,81.68067226890756,87.67507002801108
